{
     "PSPL1": {
        "inputType": "number",
        "A":0.12712500,
        "B":-0.16000032,
        "C":0.42500013
    },
     "PSPL2": {
        "inputType": "number",
        "A":-27.298521,
        "B":68.690477,
        "C":-63.260419,
        "D":25.514539,
        "E":-3.6788161
    },
      "PSPL3": {
        "inputType": "number",
        "A":-2.2174400,
        "B":1.2000081,
        "C":0.49999783
    },
     "PSPHD1": {
        "inputType": "number",
        "A":0.0316053,
        "B":-0.21666705,
        "C":0.50000017
    },
     "PSPHD2": {
        "inputType": "number",
        "A":20.530720,
        "B":-60.188503,
        "C":66.224117,
	"D":-32.081477,
        "E":5.9078875
    },
     "PSPHD3": {
        "inputType": "number",
        "A":91.316943,
        "B":-103.79994,
        "C":29.999984
    },
     "PSPHT1": {
        "inputType": "number",
        "A":-0.22683000,
        "B":0.50000002,
        "C":0.25000000
    },
  
     "PSPHT2": {
        "inputType": "number",
        "A":76.056176,
        "B":-207.05085,
        "C":212.08404,
	"D":-96.271337,
        "E":16.470603
    },
     "PSPHT3": {
        "inputType": "number",
        "A":96.64430,
        "B":-108.39995,
        "C":30.999986
    },
    
     "PSPTY1": {
        "inputType": "number",
        "A":0.13507766,
        "B":-0.25555532,
        "C":0.88888878
    },
     "PSPTY2": {
        "inputType": "number",
        "A":-256.38768,
        "B":669.21973,
        "C":-650.81657,
        "D":280.18065,
        "E":-44.805779
    },
      "PSPTY3": {
        "inputType": "number",
        "A":-38.897559,
        "B":34.200064,
        "C":-6.0000171
    },
     "SSPL1": {
        "inputType": "number",
        "A":0.88778,
        "B":-0.92500007,
        "C":0.75000003
    },
     "SSPL2": {
        "inputType": "number",
        "A":355.98739,
        "B":-975.50703,
        "C":1004.1630,
	"D":-459.88116,
        "E":79.285748
    },
     "SSPL3": {
        "inputType": "number",
        "A":1085.6455,
        "B":-1202.1996,
        "C":333.99989
    },
     "SSPHD1": {
        "inputType": "number",
        "A":0.0626,
        "B":1.5333336,
        "C":-0.22222236
    },
  
     "SSPHD2": {
        "inputType": "number",
        "A":463.08928,
        "B":-1252.4051,
        "C":1302.5710,
	"D":-618.75868,
        "E":113.71649
    },
     "SSPHD3": {
        "inputType": "number",
        "A":7077.4378,
        "B":-7797.5977,
        "C":2151.9994
    },
     "SSPHT1": {
        "inputType": "number",
        "A":0.0626,
        "B":1.5333336,
        "C":-0.22222236
    },
     "SSPHT2": {
        "inputType": "number",
        "A":463.08928,
        "B":-1252.4051,
        "C":1302.5710,
	"D":-618.75868,
        "E":113.71649
    },
     "SSPHT3": {
        "inputType": "number",
        "A":7077.4378,
        "B":-7797.5977,
        "C":2151.9994
    },
     "SSPTY1": {
        "inputType": "number",
        "A":0,
        "B":1.95938,
        "C":0
    },
  
     "SSPTY2": {
        "inputType": "number",
        "A":5640.5044,
        "B":-15359.583,
        "C":15684.711,
	"D":-7123.4939,
        "E":1215.8733
    },
     "SSPTY3": {
        "inputType": "number",
        "A":18535.248,
        "B":-20449.994,
        "C":5649.9984
    }
  }  